City_ID,City,Lat,Lng,Max Temp,Humidity,Cloudiness,Wind Speed,Country,Date
0,west island,-12.1568,96.8225,301.14,83,75,4.63,CC,1706982133
1,remire-montjoly,4.9167,-52.2667,305.17,62,20,5.66,GF,1706982117
2,tindouf,27.6711,-8.1474,294.4,8,0,7.2,DZ,1706982201
3,puerto ayora,-0.7393,-90.3518,304.13,79,55,5.02,EC,1706982201
4,grytviken,-54.2811,-36.5092,281.88,93,100,5.23,GS,1706982132
5,albany,42.6001,-73.9662,275.0,64,52,2.24,US,1706982084
6,longyearbyen,78.2186,15.6401,264.06,67,0,6.69,SJ,1706982201
7,lihue,21.9789,-159.3672,293.92,59,75,11.32,US,1706981969
8,la ronge,55.1001,-105.2842,274.29,86,100,3.6,CA,1706982069
9,atafu village,-8.5421,-172.5159,302.08,76,100,8.63,TK,1706982139
10,ponta pora,-22.5361,-55.7256,305.1,40,40,4.12,BR,1706982201
11,port-aux-francais,-49.35,70.2167,280.68,77,59,2.96,TF,1706982133
12,kodiak,57.79,-152.4072,268.88,80,100,0.0,US,1706982202
13,alakurtti,66.9672,30.3491,269.3,96,100,4.2,RU,1706982069
14,port lincoln,-34.7333,135.8667,292.42,67,0,1.81,AU,1706982123
15,stanley,54.868,-1.6985,280.66,78,20,7.2,GB,1706981903
16,fukuecho,32.6881,128.8419,284.44,88,100,10.2,JP,1706982202
17,qaqortoq,60.7167,-46.0333,254.73,69,4,3.62,GL,1706982202
18,klyuchi,52.2667,79.1667,267.65,83,100,6.86,RU,1706982202
19,sinabang,2.4803,96.3801,299.11,84,100,4.26,ID,1706982202
20,lompoc,34.6391,-120.4579,287.0,80,100,2.57,US,1706982202
21,kailua-kona,19.6406,-155.9956,294.13,90,0,14.92,US,1706982024
22,invercargill,-46.4,168.35,284.27,78,96,2.68,NZ,1706982203
23,yelm,46.942,-122.606,280.11,70,100,0.73,US,1706981942
24,petropavlovsk-kamchatsky,53.0452,158.6483,253.48,85,0,4.0,RU,1706982203
25,nalgonda,17.05,79.2667,297.08,70,62,0.62,IN,1706982203
26,el golaa,33.4849,9.0068,287.37,49,24,3.53,TN,1706982203
27,waitangi,-43.9535,-176.5597,287.49,70,17,10.15,NZ,1706982132
28,kurtamysh,54.9103,64.4319,265.13,94,100,3.58,RU,1706982203
29,itaituba,-4.2761,-55.9836,304.24,66,40,4.12,BR,1706982137
30,muynoq,43.7683,59.0214,272.77,90,49,2.94,UZ,1706982203
31,dudinka,69.4058,86.1778,259.08,94,100,5.36,RU,1706982204
32,enewetak,11.3474,162.3373,299.63,84,61,9.92,MH,1706982204
33,belyy yar,53.6039,91.3903,257.09,100,40,0.0,RU,1706982204
34,ilulissat,69.2167,-51.1,252.16,49,20,4.63,GL,1706982204
35,labytnangi,66.6572,66.4183,247.94,100,100,1.33,RU,1706982204
36,hami,42.8,93.45,268.59,65,9,2.79,CN,1706982204
37,bethel,41.3712,-73.414,277.9,56,0,6.17,US,1706982204
38,kerman,30.2832,57.0788,275.07,20,0,3.09,IR,1706982204
39,prineville,44.2999,-120.8345,277.21,81,0,0.0,US,1706982205
40,sechura,-5.5569,-80.8222,302.47,60,87,5.28,PE,1706982205
41,guerrero negro,27.9769,-114.0611,290.31,55,2,6.89,MX,1706982019
42,severo-yeniseyskiy,60.3725,93.0408,257.91,97,100,0.89,RU,1706982205
43,attapeu,14.8,106.8333,301.24,51,73,1.04,LA,1706982205
44,hammerfest,70.6634,23.6821,269.4,80,100,3.6,NO,1706982205
45,punta arenas,-53.15,-70.9167,285.21,58,75,8.75,CL,1706982025
46,ulaangom,49.9811,92.0667,246.12,92,95,1.14,MN,1706982205
47,bintulu,3.1667,113.0333,298.38,94,20,0.0,MY,1706982205
48,yellowknife,62.456,-114.3525,255.6,96,100,7.2,CA,1706982159
49,pasni,25.2631,63.471,296.26,72,100,7.92,PK,1706982206
50,olonkinbyen,70.9221,-8.7187,267.75,68,100,7.3,SJ,1706982121
51,san antonio de pale,-1.4014,5.6325,301.67,74,60,3.69,GQ,1706982206
52,puerto natales,-51.7236,-72.4875,289.4,36,20,11.83,CL,1706982139
53,dakhla,23.6848,-15.958,296.16,53,96,7.72,EH,1706982206
54,at taj,24.2049,23.2857,284.37,41,1,3.96,LY,1706982206
55,tura,25.5198,90.2201,286.03,33,0,1.61,IN,1706982206
56,edinburgh of the seven seas,-37.0676,-12.3116,289.19,72,26,9.6,SH,1706982134
57,ushuaia,-54.8,-68.3,283.96,66,75,5.14,AR,1706982134
58,mimon,50.6587,14.7247,282.18,89,100,5.1,CZ,1706982207
59,koungheul,13.9833,-14.8,309.87,8,63,3.68,SN,1706982207
60,noosa heads,-26.3833,153.15,296.54,84,14,1.22,AU,1706982207
61,weno,7.4515,151.8468,298.12,100,100,4.12,FM,1706982207
62,general conesa,-40.1,-64.4333,297.91,16,0,10.15,AR,1706982207
63,adamstown,-25.066,-130.1015,297.79,75,89,1.65,PN,1706982131
64,hawaiian paradise park,19.5933,-154.9731,291.88,94,100,7.2,US,1706982207
65,udachny,66.4167,112.4,241.91,90,87,1.28,RU,1706982133
66,champerico,14.3,-91.9167,306.45,57,2,4.76,GT,1706982208
67,wailua homesteads,22.0669,-159.378,293.59,60,75,11.32,US,1706982208
68,newman,37.3138,-121.0208,283.87,84,84,0.89,US,1706982084
69,lebu,-37.6167,-73.65,290.63,67,3,10.31,CL,1706982131
70,sterling,39.0062,-77.4286,282.33,54,0,3.6,US,1706982045
71,pisco,-13.7,-76.2167,298.72,73,75,4.12,PE,1706982020
72,mitsamiouli,-11.3847,43.2844,300.99,75,12,1.38,KM,1706982072
73,mohr,54.3528,9.7167,280.45,90,66,8.23,DE,1706982208
74,carauari,-4.8828,-66.8958,303.07,77,85,1.36,BR,1706982209
75,bilibino,68.0546,166.4372,244.7,78,1,3.25,RU,1706982209
76,onguday,50.75,86.15,256.06,95,70,1.29,RU,1706982209
77,hovd,48.0056,91.6419,253.98,88,9,1.06,MN,1706981988
78,guiuan,11.0333,125.7247,300.24,75,53,6.86,PH,1706982209
79,malabar,-33.9667,151.25,296.0,77,75,5.14,AU,1706982209
80,grand falls-windsor,48.9332,-55.6649,270.65,91,100,4.02,CA,1706982020
81,mount isa,-20.7333,139.5,297.02,94,100,5.66,AU,1706982209
82,miles city,46.4083,-105.8406,275.69,93,0,4.12,US,1706982210
83,kabwe,-14.4469,28.4464,293.22,77,62,2.39,ZM,1706982210
84,santa cruz,-17.8,-63.1667,308.18,46,20,4.63,BO,1706982061
85,port elizabeth,-33.918,25.5701,297.65,94,100,3.09,ZA,1706982027
86,banff,51.1762,-115.5698,273.36,100,100,0.0,CA,1706982210
87,val-des-monts,45.6501,-75.666,271.9,73,100,1.03,CA,1706982210
88,tiksi,71.6872,128.8694,237.17,100,100,2.16,RU,1706982133
89,upata,8.0086,-62.3989,309.54,27,39,2.57,VE,1706982210
90,iqaluit,63.7506,-68.5145,248.0,69,20,5.14,CA,1706982145
91,saipan,15.1355,145.701,299.54,73,0,9.77,MP,1706982210
92,christchurch,-43.5333,172.6333,281.75,86,37,1.03,NZ,1706981925
93,emerald,-23.5333,148.1667,296.12,87,100,5.38,AU,1706982054
94,antofagasta,-23.65,-70.4,298.75,68,13,3.96,CL,1706982211
95,blackmans bay,-43.0167,147.3167,288.44,86,100,2.24,AU,1706982211
96,namibe,-15.1961,12.1522,298.7,85,97,1.97,AO,1706982211
97,faya-largeau,17.9257,19.1043,291.25,15,3,7.34,TD,1706982073
98,morant bay,17.8815,-76.4093,302.94,65,29,1.53,JM,1706982211
99,hastings,50.8552,0.5729,285.36,44,100,7.59,GB,1706982211
100,zaozersk,69.4005,32.4476,260.87,94,99,2.3,RU,1706982211
101,chinchilla,-26.75,150.6333,296.49,84,17,0.89,AU,1706982211
102,whitehorse,60.7161,-135.0538,243.58,76,75,2.06,CA,1706982212
103,avarua,-21.2078,-159.775,299.18,94,75,3.09,CK,1706982149
104,haci zeynalabdin,40.6233,49.5586,279.23,73,94,4.52,AZ,1706982212
105,fuji,35.1667,138.6833,279.24,94,100,0.84,JP,1706982212
106,al bardiyah,31.7561,25.0865,287.94,54,23,5.11,LY,1706982212
107,chibougamau,49.9168,-74.3659,265.94,79,100,4.12,CA,1706982212
108,chonchi,-42.6128,-73.8092,293.9,39,49,1.0,CL,1706982111
109,la passe,45.5549,-0.8967,280.28,90,32,2.7,FR,1706982212
110,faaa,-17.55,-149.6,302.13,65,40,2.06,PF,1706982212
111,prabumulih,-3.45,104.25,296.48,98,93,1.14,ID,1706982213
112,kaa-khem,51.6833,94.7333,248.38,99,100,0.46,RU,1706982213
113,kuqa,41.7278,82.9364,270.11,75,43,1.37,CN,1706982213
114,karratha,-20.7377,116.8463,300.23,75,44,9.24,AU,1706982213
115,vorgashor,67.5833,63.95,254.5,91,100,4.61,RU,1706982213
116,afaahiti,-17.75,-149.2833,301.08,78,79,5.11,PF,1706982213
117,mezhdurechenskiy,59.6,65.9333,254.79,99,85,2.89,RU,1706982213
118,karukh,34.4811,62.5863,274.33,61,96,1.89,AF,1706982213
119,papatowai,-46.5619,169.4708,282.28,71,88,4.11,NZ,1706982214
120,nuuk,64.1835,-51.7216,261.49,61,20,6.17,GL,1706982115
121,howrah,22.5892,88.3103,293.15,77,0,2.06,IN,1706982052
122,arraial do cabo,-22.9661,-42.0278,304.13,74,75,8.75,BR,1706982137
123,mount pearl,47.5166,-52.7813,271.4,87,100,7.72,CA,1706982126
124,lospalos,-8.5186,127.0025,296.66,93,72,1.98,TL,1706982011
125,kingston,17.997,-76.7936,302.68,60,20,2.57,JM,1706982014
126,nantucket,41.2835,-70.0995,273.23,71,100,12.38,US,1706981984
127,fort bragg,35.139,-79.006,284.62,47,0,4.12,US,1706982116
128,iskateley,67.6803,53.1512,260.38,86,24,6.26,RU,1706982214
129,jamestown,42.097,-79.2353,278.16,76,0,1.54,US,1706982157
130,susuman,62.7833,148.1667,248.14,94,100,1.79,RU,1706982148
131,connersville,39.6412,-85.1411,280.21,82,4,3.13,US,1706982215
132,oban,56.4127,-5.4706,280.03,79,97,8.67,GB,1706982215
133,thompson,55.7435,-97.8558,271.24,100,100,4.12,CA,1706982131
134,ribeira grande,38.5167,-28.7,291.37,77,20,7.72,PT,1706982131
135,villa maria grande,-31.6656,-59.9018,314.26,19,4,0.83,AR,1706982215
136,newton,42.337,-71.2092,276.38,58,0,5.66,US,1706982215
137,viedma,-40.8135,-62.9967,294.28,31,2,10.48,AR,1706982215
138,gizo,-8.103,156.8419,301.41,79,100,2.99,SB,1706982215
139,argostolion,38.1811,20.489,284.68,50,1,4.24,GR,1706982215
140,flin flon,54.7682,-101.865,272.06,100,100,3.09,CA,1706982030
141,tangalle,6.024,80.7911,297.45,88,61,3.23,LK,1706982215
142,axim,4.8699,-2.2405,301.33,73,52,2.91,GH,1706982216
143,la sarre,48.8002,-79.1996,270.36,83,55,3.66,CA,1706982104
144,san patricio,28.017,-97.5169,293.8,50,34,6.5,US,1706982121
145,nacaome,13.5361,-87.4875,306.06,38,1,3.26,HN,1706982216
146,cabo san lucas,22.8909,-109.9124,297.93,48,0,8.75,MX,1706982216
147,galashiels,55.6146,-2.807,280.97,76,77,8.52,GB,1706982216
148,buka,40.8108,69.1986,275.41,64,100,1.45,UZ,1706982216
149,vallegrande,-18.4897,-64.1069,293.15,57,40,1.12,BO,1706982216
150,okha,53.5739,142.9478,250.04,88,7,5.98,RU,1706982034
151,mandalgovi,45.7625,106.2708,253.6,84,59,2.69,MN,1706982217
152,port mathurin,-19.6833,63.4167,299.93,72,15,6.95,MU,1706982217
153,sierra grande,-41.606,-65.3557,295.37,14,53,10.04,AR,1706982217
154,gouyave,12.1646,-61.7296,301.58,74,20,7.72,GD,1706982217
155,acarau,-2.8856,-40.12,301.21,79,93,8.98,BR,1706982217
156,mount gambier,-37.8333,140.7667,286.3,94,2,1.71,AU,1706982217
157,gamba,-2.65,10.0,300.21,83,77,3.11,GA,1706982023
158,antsiranana,-12.2787,49.2917,298.77,89,92,0.56,MG,1706982217
159,sitka,57.0531,-135.33,274.09,80,100,2.57,US,1706981966
160,mozarlandia,-14.7447,-50.5706,301.39,63,99,2.36,BR,1706982217
161,pacocha,-17.5833,-71.3333,298.23,65,0,3.6,PE,1706982218
162,escanaba,45.7453,-87.0646,272.32,100,100,4.12,US,1706982197
163,new norfolk,-42.7826,147.0587,289.1,93,100,0.69,AU,1706982218
164,kushiro,42.975,144.3747,261.68,72,6,3.09,JP,1706982218
165,lazaro cardenas,17.9583,-102.2,300.25,60,3,3.32,MX,1706982040
166,badger,64.8,-147.5333,234.46,59,100,1.54,US,1706982207
167,horta,38.5333,-28.6333,290.95,84,20,5.66,PT,1706982218
168,san juan de uraba,8.7592,-76.5297,301.46,74,89,3.55,CO,1706982218
169,hamilton,39.1834,-84.5333,281.81,68,0,3.6,US,1706981974
170,tazovsky,67.4667,78.7,258.72,93,100,2.98,RU,1706982149
171,canto do buriti,-8.11,-42.9444,306.98,36,50,2.92,BR,1706982218
172,dame-marie,18.5667,-74.4167,298.39,69,16,0.54,HT,1706982219
173,arteche,12.2645,125.4048,298.98,75,57,4.05,PH,1706982219
174,brisas de zicatela,15.8369,-97.0419,301.44,69,40,4.12,MX,1706982219
175,east london,-33.0153,27.9116,295.67,88,20,4.12,ZA,1706982219
176,santa isabel,-23.3156,-46.2214,299.99,72,100,0.94,BR,1706982219
177,isafjordur,66.0755,-23.124,268.16,90,100,3.45,IS,1706981940
178,areia branca,-4.9561,-37.1369,307.26,60,48,8.17,BR,1706982219
179,puerto baquerizo moreno,-0.9,-89.6,301.7,84,40,7.72,EC,1706982008
180,nar'yan-mar,67.6713,53.087,260.43,86,22,6.26,RU,1706982219
181,san jose del cabo,23.0589,-109.6977,297.92,50,0,0.45,MX,1706982219
182,cannonvale,-20.2833,148.7,300.81,74,90,3.73,AU,1706982220
183,kismayo,-0.3582,42.5454,299.86,83,71,7.57,SO,1706982007
184,fort mcmurray,56.7268,-111.381,269.92,93,100,5.14,CA,1706982031
185,manfalut,27.3104,30.97,287.29,35,0,3.78,EG,1706982220
186,sisimiut,66.9395,-53.6735,252.94,89,93,3.07,GL,1706982220
187,tolanaro,-25.0319,46.9987,298.19,83,20,8.23,MG,1706982220
188,baker city,44.7749,-117.8344,276.99,75,100,7.72,US,1706982119
189,kokoda,-8.8785,147.7407,296.66,89,100,2.29,PG,1706982220
190,pitkyaranta,61.5734,31.4792,272.88,85,100,4.13,RU,1706982220
191,port alfred,-33.5906,26.891,296.03,91,47,0.89,ZA,1706982146
192,coxim,-18.5067,-54.76,309.26,29,100,2.88,BR,1706982220
193,hengchun,22.0042,120.7439,296.8,83,98,6.23,TW,1706982220
194,umm al quwain city,25.5647,55.5552,294.33,46,81,8.55,AE,1706982221
195,arkhangel'sk,64.5401,40.5433,267.21,100,100,3.0,RU,1706982221
196,utrik,11.2278,169.8474,299.56,77,28,9.15,MH,1706982221
197,kourou,5.1552,-52.6478,305.18,66,83,3.64,GF,1706982221
198,as sulayyil,20.4607,45.5779,290.29,23,0,6.73,SA,1706982221
199,margaret river,-33.95,115.0667,289.92,59,56,6.8,AU,1706981863
200,vorkuta,67.5,64.0,254.97,90,100,4.54,RU,1706982121
201,yorosso,12.3536,-4.7761,304.77,10,1,4.17,ML,1706982221
202,hermanus,-34.4187,19.2345,298.6,67,76,4.41,ZA,1706982221
203,bredasdorp,-34.5322,20.0403,298.05,69,87,3.4,ZA,1706982222
204,wynyard,-41.0,145.7167,288.15,94,70,1.87,AU,1706982222
205,lorgues,43.4936,6.3611,286.83,74,44,0.45,FR,1706982222
206,mae ramat,16.984,98.5166,294.71,61,0,0.54,TH,1706982222
207,lesogorsk,56.0458,99.5136,256.44,98,100,0.89,RU,1706982222
208,bamboo flat,11.7,92.7167,298.2,88,13,0.0,IN,1706982222
209,sao paulo de olivenca,-3.3783,-68.8725,303.19,68,97,1.36,BR,1706982222
210,manbij,36.5281,37.9549,280.11,88,100,4.31,SY,1706982222
211,kidal,18.4411,1.4078,295.01,7,32,5.07,ML,1706982222
212,georgetown,5.4112,100.3354,302.11,87,20,1.54,MY,1706981576
213,raymondville,26.4815,-97.7831,298.3,31,12,8.91,US,1706982223
214,businga,3.3333,20.8833,300.55,30,92,0.66,CD,1706982223
215,san francisco de la paz,14.9,-86.2,301.99,43,6,1.77,HN,1706982223
216,college,64.8569,-147.8028,234.51,63,100,1.54,US,1706982223
217,kattivakkam,13.2167,80.3167,299.2,77,16,4.39,IN,1706982223
218,tendukheda,23.4,79.55,292.31,41,0,0.14,IN,1706982223
219,muroto-misakicho,33.2833,134.15,282.12,91,100,8.84,JP,1706982033
220,burela de cabo,43.65,-7.4,286.5,91,7,4.5,ES,1706982223
221,farafangana,-22.8167,47.8333,298.02,74,61,3.45,MG,1706982223
222,sao francisco,-15.9486,-44.8644,302.27,57,93,2.05,BR,1706982223
223,poronaysk,49.2167,143.1167,250.56,97,9,1.99,RU,1706982051
224,bratsk,56.1325,101.6142,254.42,99,96,0.83,RU,1706982224
225,bodo,67.28,14.405,273.17,69,40,9.77,NO,1706982224
226,alesund,62.4723,6.1549,279.12,59,75,13.89,NO,1706982224
227,alo,7.4178,6.7371,305.67,15,59,1.94,NG,1706982224
228,ust-nera,64.5667,143.2,246.61,99,99,1.97,RU,1706982224
229,siwa oasis,29.2041,25.5195,286.76,44,0,2.38,EG,1706982224
230,seybaplaya,19.65,-90.6667,301.85,56,0,2.79,MX,1706982224
231,sil-li,39.4947,125.4736,267.35,81,9,2.19,KP,1706982225
232,homer,59.6425,-151.5483,262.08,75,100,8.05,US,1706982225
233,crane,31.3974,-102.3501,286.57,31,0,14.98,US,1706982225
234,labrador city,52.9463,-66.9114,258.1,51,40,0.0,CA,1706982032
235,ola,59.5833,151.2833,253.89,79,99,4.64,RU,1706982225
236,nurota,40.5614,65.6886,274.13,96,100,4.73,UZ,1706982225
237,lolodorf,3.2333,10.7333,298.99,70,93,1.57,CM,1706982225
238,guacimo,10.2104,-83.6807,307.15,54,12,2.13,CR,1706982225
239,colares,38.7992,-9.4469,291.35,71,0,3.58,PT,1706982225
240,mount darwin,-16.7725,31.5838,294.54,78,75,1.37,ZW,1706982225
241,guerrero,17.6667,-100.0,299.89,32,1,1.27,MX,1706982121
242,okhotsk,59.3833,143.3,248.11,76,10,7.57,RU,1706982140
243,krasnogorskiy,54.6025,61.231,266.35,95,100,2.88,RU,1706982226
244,seydi,39.4816,62.9137,275.43,57,100,4.56,TM,1706982014
245,magong,23.5654,119.5863,291.54,99,98,10.07,TW,1706982226
246,feodosiya,45.0333,35.3833,279.69,63,100,7.61,UA,1706982226
247,yuzhno-kurilsk,44.0306,145.8556,268.91,71,92,6.35,RU,1706982067
248,anadyr,64.75,177.4833,253.43,70,0,3.58,RU,1706982226
249,bealanana,-14.55,48.7333,293.81,93,100,1.07,MG,1706982226
250,nuku'alofa,-21.1333,-175.2,299.34,94,75,2.06,TO,1706982226
251,hasaki,35.7333,140.8333,278.37,72,100,2.85,JP,1706982226
252,reyes,-14.3167,-67.3833,309.45,36,21,2.01,BO,1706982227
253,dwarka,22.2394,68.9678,296.63,69,0,4.19,IN,1706982227
254,jieshi,22.8134,115.8257,292.17,85,100,4.75,CN,1706982227
255,agropoli,40.3469,14.9966,284.87,54,0,1.38,IT,1706982227
256,nyakabindi,-2.6333,33.9833,292.03,90,99,1.83,TZ,1706982227
257,vadso,70.0744,29.7487,270.24,86,100,8.23,NO,1706982227
258,konarka,19.9,86.1167,296.37,91,14,0.7,IN,1706982227
259,zima,53.9202,102.0442,257.54,95,100,0.81,RU,1706982227
260,whakatane,-37.9585,176.9854,285.1,88,0,0.45,NZ,1706982228
261,nhamunda,-2.1861,-56.7131,305.11,57,92,1.77,BR,1706982228
262,siyabuswa,-25.1132,29.0445,303.59,24,58,3.38,ZA,1706982228
263,bandarbeyla,9.4942,50.8122,298.45,79,99,6.41,SO,1706982079
264,ancud,-41.8697,-73.8203,288.8,59,76,4.01,CL,1706981940
265,mitu,1.1983,-70.1733,303.72,63,73,2.22,CO,1706982228
266,eirunepe,-6.6603,-69.8736,305.13,62,80,1.33,BR,1706982228
267,ignalina,55.35,26.1667,276.6,83,99,7.5,LT,1706982228
268,kapsabet,0.2039,35.105,290.9,74,95,1.83,KE,1706982228
269,bardai,11.65,7.2333,296.54,14,3,4.6,NG,1706982228
270,midvagur,62.0511,-7.1939,274.61,86,75,2.06,FO,1706982228
271,coquimbo,-29.9533,-71.3436,295.0,73,40,6.69,CL,1706982016
272,aasiaat,68.7098,-52.8699,242.5,97,43,2.39,GL,1706982229
273,praia,14.9215,-23.5087,301.45,42,57,7.2,CV,1706982036
274,xilin hot,43.9667,116.0333,248.59,94,5,2.4,CN,1706982026
275,alice springs,-23.7,133.8833,302.71,30,100,4.63,AU,1706982229
276,qulsary,46.9531,54.0198,270.98,93,59,5.52,KZ,1706982229
277,argo,37.6333,22.7333,280.81,82,7,1.57,GR,1706982229
278,maceio,-9.6658,-35.7353,305.84,55,40,6.69,BR,1706982216
279,talnakh,69.4865,88.3972,258.82,96,100,4.11,RU,1706982229
280,polyarnyy,69.1989,33.4478,267.55,77,96,12.46,RU,1706982230
281,kavaratti,10.5669,72.642,299.7,69,38,2.23,IN,1706982130
282,roggiano gravina,39.6182,16.1597,284.63,81,6,2.0,IT,1706982230
283,oncativo,-31.9135,-63.682,314.23,16,17,2.98,AR,1706982230
284,usogorsk,63.4106,48.6872,265.19,95,100,3.48,RU,1706982230
285,nelson bay,-32.7167,152.15,296.48,89,20,4.02,AU,1706982230
286,nerchinsk,51.9833,116.5833,240.28,100,18,0.57,RU,1706982230
287,peace river,56.2501,-117.286,266.32,57,20,3.09,CA,1706982230
288,horn,51.8715,8.9451,282.76,94,100,6.41,DE,1706982230
289,laharpur,27.7167,80.9,289.6,38,84,3.68,IN,1706982230
290,sagaing,21.8787,95.9797,294.01,51,0,0.96,MM,1706982064
291,den burg,53.0542,4.7972,282.57,90,100,6.17,NL,1706982231
292,inirida,3.8653,-67.9239,302.07,81,81,0.78,CO,1706982231
293,birjand,32.8663,59.2211,274.41,60,20,2.06,IR,1706982231
294,aykhal,66.0,111.5,245.63,65,84,1.62,RU,1706982231
295,masterton,-40.9597,175.6575,283.76,94,6,1.28,NZ,1706982231
296,khark,29.2614,50.3306,290.05,40,0,7.54,IR,1706982231
297,codajas,-3.8367,-62.0569,305.38,59,70,1.2,BR,1706982231
298,uturoa,-16.7333,-151.4333,300.92,74,93,5.04,PF,1706982139
299,bowie,33.4501,-94.4335,286.6,89,100,5.39,US,1706982231
300,jonesborough,36.2943,-82.4735,285.24,61,2,1.46,US,1706982231
301,yung shue wan,22.2333,114.1167,293.88,89,85,0.89,HK,1706982232
302,montrose,38.4166,-108.2673,271.82,91,100,2.8,US,1706982109
303,mysore,12.3072,76.6497,296.31,61,93,2.19,IN,1706982232
304,krasnohrad,49.3814,35.4402,273.92,98,100,7.41,UA,1706982232
305,sao vicente,-23.9631,-46.3919,304.25,60,75,1.54,BR,1706982232
306,smithers,54.7804,-127.1743,263.33,100,75,1.03,CA,1706982013
307,izberbash,42.5696,47.8645,275.18,93,100,0.86,RU,1706982232
308,nemuro,43.3236,145.575,267.64,69,26,6.3,JP,1706982232
309,lubuklinggau,-3.3,102.8667,296.08,94,100,1.17,ID,1706982232
310,pudozh,61.8099,36.5345,265.9,94,100,2.24,RU,1706982233
311,happy valley-goose bay,53.3168,-60.3315,257.32,55,20,1.54,CA,1706982233
312,ilebo,-4.3167,20.5833,299.03,68,86,1.04,CD,1706982233
313,lamarque,-39.423,-65.7021,302.58,13,20,6.4,AR,1706982075
314,magole,-6.3667,37.3667,296.21,97,100,0.82,TZ,1706982233
315,bure,10.7,37.0667,289.62,60,48,1.93,ET,1706982233
316,hithadhoo,-0.6,73.0833,301.55,77,100,3.29,MV,1706982233
317,hauterive,46.0901,3.4459,278.57,93,46,1.11,FR,1706982234
318,tadine,-21.55,167.8833,299.59,88,100,8.42,NC,1706982234
319,keflavik,64.0049,-22.5624,271.1,100,100,10.29,IS,1706982146
320,khandyga,62.6667,135.6,230.24,100,70,1.01,RU,1706982073
321,gadzhiyevo,69.2551,33.3362,269.6,74,96,13.9,RU,1706982234
322,at taraf,25.3628,49.725,287.45,41,0,3.92,SA,1706982234
323,batticaloa,7.7102,81.6924,299.1,80,69,2.5,LK,1706982027
324,haiku-pauwela,20.9219,-156.3051,293.73,69,75,10.29,US,1706982234
325,zaragoza,41.6561,-0.8773,288.71,73,0,1.03,ES,1706982226
326,edd,13.9297,41.6925,297.85,68,79,5.75,ER,1706982234
327,isangel,-19.55,169.2667,299.71,89,100,3.55,VU,1706982043
328,mata-utu,-13.2816,-176.1745,300.55,87,100,8.9,WF,1706982235
329,rio grande,-32.035,-52.0986,306.21,55,5,4.35,BR,1706982193
330,tucupita,9.0622,-62.051,309.77,27,37,2.62,VE,1706982235
331,alofi,-19.0595,-169.9187,298.09,100,100,1.54,NU,1706982235
332,kristiansund,63.1115,7.732,276.18,75,75,20.58,NO,1706982028
333,poltar,48.4309,19.7941,278.95,90,92,2.9,SK,1706982235
334,bushehr,28.9684,50.8385,289.2,48,0,7.2,IR,1706982235
335,thunder bay,48.4001,-89.3168,269.14,86,40,1.03,CA,1706982001
336,andratx,39.5755,2.4202,287.31,67,18,2.8,ES,1706982235
337,revda,56.801,59.9303,262.85,95,100,3.68,RU,1706982235
338,qandala,11.472,49.8728,298.73,67,20,2.15,SO,1706982236
339,hinatuan,8.3722,126.3342,297.89,91,47,2.92,PH,1706982236
340,balangiga,11.1097,125.3875,298.42,84,46,4.23,PH,1706982236
341,tromso,69.6496,18.957,270.16,100,100,1.03,NO,1706982236
342,bull savanna,17.8868,-77.5902,299.09,56,18,3.89,JM,1706982236
343,puerto deseado,-47.7503,-65.8938,286.81,48,22,10.51,AR,1706982085
344,nagqu,31.5,92.0,258.96,29,57,2.13,CN,1706982075
345,pundong,-7.9522,110.3486,298.44,89,98,2.34,ID,1706982236
346,zaysan,47.4667,84.8667,259.2,97,100,1.36,KZ,1706982236
347,mili,6.0815,171.735,300.74,79,73,10.18,MH,1706982237
348,diamantino,-14.4086,-56.4461,299.22,75,100,4.03,BR,1706982237
349,bonthe,7.5264,-12.505,302.32,61,0,5.62,SL,1706982047
350,south sioux city,42.4739,-96.4136,275.3,100,100,6.69,US,1706982237
351,mayya,61.7333,130.2811,237.77,100,100,0.4,RU,1706982237
352,egilsstadir,65.2653,-14.3948,271.1,37,0,4.12,IS,1706982237
353,sicuani,-14.2694,-71.2261,289.54,47,75,1.11,PE,1706982237
354,tartagal,-22.5164,-63.8013,315.73,12,1,1.7,AR,1706982237
355,zyrya,40.3661,50.2917,279.2,77,85,6.96,AZ,1706982237
356,banda aceh,5.5577,95.3222,299.03,82,76,2.54,ID,1706982237
357,tazacorte,28.629,-17.9293,294.9,66,20,1.03,ES,1706982238
358,komatsu,36.4026,136.4509,276.14,70,75,3.09,JP,1706982238
359,menongue,-14.6585,17.691,294.1,81,98,1.45,AO,1706982238
360,kone,-21.0595,164.8658,298.99,91,98,2.53,NC,1706982238
361,yamada,39.4667,141.95,271.8,63,86,1.12,JP,1706982018
362,saint-philippe,-21.3585,55.7679,297.92,87,94,3.77,RE,1706982238
363,onega,63.9061,38.1404,261.45,88,73,5.42,RU,1706982238
364,lepsy,46.235,78.9456,264.51,90,100,3.65,KZ,1706982238
365,fortaleza,-3.7227,-38.5247,305.97,74,20,7.72,BR,1706982238
366,juan griego,11.0817,-63.9655,305.22,51,37,5.14,VE,1706982238
367,holualoa,19.6228,-155.9522,292.06,89,0,14.92,US,1706982093
368,baiti,13.745,-14.7482,309.94,8,22,4.29,SN,1706982239
369,xining,36.6167,101.7667,261.56,88,99,1.78,CN,1706982239
370,igarka,67.4667,86.5833,261.06,96,100,4.17,RU,1706982239
371,maua,-23.6678,-46.4614,299.31,69,100,0.91,BR,1706982239
372,rongelap,11.1635,166.8941,299.61,81,32,9.31,MH,1706982128
373,nguigmi,14.2495,13.1092,295.35,19,2,5.75,NE,1706982239
374,ghadamis,30.1337,9.5007,288.15,45,69,4.23,LY,1706982239
375,northam,51.0333,-4.2167,284.48,99,99,7.22,GB,1706982239
376,tashtagol,52.7657,87.8894,255.27,100,96,1.5,RU,1706982239
377,almeria,37.1667,-2.3333,286.17,69,0,2.1,ES,1706982239
378,coron,11.9986,120.2043,298.21,79,4,3.12,PH,1706982152
379,san julian,21.0167,-102.1667,291.66,25,0,8.05,MX,1706982141
380,laurentides,46.4334,-74.9826,268.55,73,93,0.41,CA,1706982240
381,ayr,55.4627,-4.6339,281.21,87,75,5.66,GB,1706982240
382,portoferraio,42.8115,10.3146,287.64,93,18,4.63,IT,1706982240
383,vinchia,22.2,71.3667,297.54,39,0,3.32,IN,1706982240
384,kashary,49.04,41.0056,272.26,92,100,7.69,RU,1706982240
385,vernon,50.2581,-119.2691,277.49,96,100,0.51,CA,1706982014
386,piti village,13.4626,144.6933,298.64,89,75,8.75,GU,1706982014
387,westport,41.1415,-73.3579,278.4,52,0,5.66,US,1706982147
388,la'ie,21.6477,-157.9253,294.51,58,9,4.02,US,1706982240
389,punta del este,-34.9667,-54.95,303.21,81,75,5.14,UY,1706982061
390,kalabo,-14.97,22.6814,295.01,81,91,2.56,ZM,1706982241
391,shchyolkino,45.4291,35.8223,278.46,70,100,9.86,UA,1706982241
392,alcacer do sal,38.3733,-8.5144,288.88,69,3,1.36,PT,1706982241
393,misliyah,17.4599,42.5572,297.52,61,28,3.84,SA,1706982241
394,'ain benian,36.8028,2.9219,287.18,75,2,4.61,DZ,1706982241
395,vassouras,-22.4039,-43.6625,301.1,71,100,2.29,BR,1706982241
396,mugia,43.1041,-9.2179,286.64,82,19,1.5,ES,1706982241
397,vetralla,42.3098,12.0784,283.81,76,0,2.06,IT,1706982241
398,colchani,-20.3,-66.9333,292.39,18,0,6.81,BO,1706982241
399,natal,-5.795,-35.2094,304.51,66,40,7.2,BR,1706982220
400,buurhakaba,2.8026,44.0781,300.51,62,61,9.08,SO,1706982242
401,dhuusamarreeb,5.535,46.3861,301.68,38,77,7.36,SO,1706982057
402,muisne,0.6,-80.0333,301.05,75,77,3.69,EC,1706982242
403,lindisfarne,-42.8333,147.35,289.26,83,75,3.6,AU,1706982242
404,leticia,-4.2153,-69.9406,303.18,79,40,3.09,CO,1706982242
405,verkhovazh'ye,60.7472,42.0465,258.79,100,84,2.08,RU,1706982242
406,savanna-la-mar,18.219,-78.1332,302.0,53,26,4.12,JM,1706982243
407,roma,43.2128,-75.4557,275.78,65,0,2.57,US,1706982058
408,selfoss,63.9331,-20.9971,269.84,66,100,9.98,IS,1706982243
409,eyl,7.9803,49.8164,298.17,85,88,8.47,SO,1706982243
410,lewistown,40.5992,-77.5714,281.02,73,0,2.57,US,1706982243
411,mil'kovo,55.6078,37.7956,271.37,89,100,3.68,RU,1706982243
412,tarija,-21.5355,-64.7296,302.1,34,0,0.0,BO,1706982243
413,floro,61.5996,5.0328,277.13,65,40,15.43,NO,1706982244
414,suntar,62.1444,117.6319,248.68,93,99,2.18,RU,1706982244
415,mokhsogollokh,61.4681,128.9203,236.61,100,24,1.53,RU,1706982244
416,bereznik,62.8551,42.7072,256.84,100,91,2.13,RU,1706982244
417,taksimo,56.3444,114.8794,247.11,94,70,1.75,RU,1706982244
418,zywiec,49.6853,19.1924,279.81,100,100,3.51,PL,1706982244
419,da lat,11.9465,108.4419,287.38,76,62,0.6,VN,1706982244
420,guaraniacu,-25.1008,-52.8781,303.02,37,20,1.49,BR,1706982245
421,palangkaraya,-2.2,113.8333,296.58,99,97,0.27,ID,1706982245
422,tobol'sk,58.2,68.2667,254.6,99,57,2.68,RU,1706982245
423,shaowu,27.3409,117.4831,282.11,95,100,0.73,CN,1706982245
424,lakeview,42.432,-75.8655,273.87,81,27,2.24,US,1706982245
425,fale old settlement,-9.3852,-171.2468,301.99,78,100,8.72,TK,1706982245
426,suwayr,30.1171,40.3893,284.67,48,28,1.61,SA,1706982245
427,sumenep,-7.0167,113.8667,298.32,92,100,2.58,ID,1706982246
428,qarazhal,48.0078,70.7903,264.02,85,100,6.4,KZ,1706982246
429,terenozek,45.05,64.9833,268.53,91,100,2.1,KZ,1706982246
430,tubarjal,30.4999,38.216,284.97,51,13,2.94,SA,1706982246
431,mossel bay,-34.1831,22.146,295.11,85,100,3.19,ZA,1706982246
432,menaka,15.9182,2.4022,298.11,10,65,4.84,ML,1706982246
433,saint-francois,46.4154,3.9054,278.84,94,100,1.03,FR,1706982022
434,sinjar,36.3209,41.8754,280.46,50,12,1.24,IQ,1706982246
435,guarapari,-20.6667,-40.4975,301.98,69,86,2.48,BR,1706982247
436,green river,41.5286,-109.4662,274.81,82,100,10.74,US,1706982247
437,murzuq,25.9155,13.9184,285.44,28,0,3.15,LY,1706982010
438,alaghsas,17.0187,8.0168,295.09,13,0,9.26,NE,1706982069
439,al kharijah,25.4514,30.5464,285.52,31,0,3.49,EG,1706982247
440,onokhoy,51.932,108.0747,245.01,99,57,1.34,RU,1706982247
441,kirkland lake,48.1446,-80.0377,273.31,47,36,3.09,CA,1706982247
442,nova sintra,14.8667,-24.7167,294.43,68,67,5.62,CV,1706982247
443,kargasok,59.0556,80.8572,257.57,98,90,3.13,RU,1706982057
444,mehndawal,26.9753,83.1117,288.47,40,40,4.18,IN,1706982248
445,romanovo,52.6182,81.2271,266.5,86,100,7.38,RU,1706982248
446,port augusta,-32.5,137.7667,298.02,45,75,2.5,AU,1706982248
447,ponta delgada,37.7333,-25.6667,291.59,72,20,5.14,PT,1706982248
448,leon,21.1167,-101.6667,288.18,25,0,8.38,MX,1706982248
449,atar,20.5169,-13.0499,300.34,7,0,6.0,MR,1706982226
450,oleksandrivka,48.9634,32.2349,277.17,94,100,7.89,UA,1706982248
451,carnarvon,-24.8667,113.6333,296.29,86,3,11.09,AU,1706982248
452,portland,45.5234,-122.6762,282.1,88,40,1.54,US,1706981967
453,hankasalmi,62.3833,26.4333,272.32,89,41,2.81,FI,1706982249
454,jutai,-5.1833,-68.9,303.58,73,98,0.72,BR,1706982249
455,mirnyy,62.5353,113.9611,245.5,68,75,0.89,RU,1706982249
456,loango,-4.6719,11.8312,300.0,81,94,4.37,CG,1706982249
457,embi,48.8264,58.1442,270.32,95,100,7.36,KZ,1706982249
458,'ain el hadjar,34.7585,0.1453,286.78,51,0,2.33,DZ,1706982249
459,cockburn town,21.4612,-71.1419,296.15,63,0,2.84,TC,1706982249
460,michigan city,41.7075,-86.895,274.44,93,100,2.06,US,1706982095
461,shengli,37.4564,118.4856,270.23,62,68,3.3,CN,1706982250
462,leeton,-34.5667,146.4,295.42,23,100,1.93,AU,1706982250
463,sarov,54.9358,43.3235,262.01,99,99,2.32,RU,1706982250
464,kolonia,50.9333,6.95,284.16,89,75,8.23,DE,1706982077
465,peterhead,57.5058,-1.7981,280.37,80,93,12.68,GB,1706982250
466,whangarei,-35.7317,174.3239,285.39,78,4,1.27,NZ,1706981747
467,rauco,-34.9267,-71.3187,301.38,39,0,4.12,CL,1706982251
468,camenca,48.0319,28.6978,279.7,85,100,8.64,MD,1706982251
469,port saint john's,-31.6229,29.5448,298.15,89,97,1.38,ZA,1706982251
470,oltinko'l,40.8011,72.1634,275.14,50,100,1.02,UZ,1706982251
471,vila franca do campo,37.7167,-25.4333,291.42,99,19,3.91,PT,1706982251
472,nako,31.8814,78.627,266.27,95,98,3.99,IN,1706982251
473,meadow lake,34.8014,-106.5436,281.1,39,33,11.73,US,1706982051
474,tetyushi,54.9382,48.8366,266.74,93,96,5.18,RU,1706982252
475,choibalsan,48.0667,114.5,248.86,90,2,2.34,MN,1706982252
476,sao joao da barra,-21.6403,-41.0511,306.2,65,86,4.4,BR,1706982252
477,gdov,58.7406,27.8122,273.78,94,100,5.56,RU,1706982252
478,kapuskasing,49.4169,-82.4331,273.2,69,20,4.12,CA,1706982252
479,sao felix do xingu,-6.6447,-51.995,303.2,59,76,2.06,BR,1706982048
480,xiva,41.3783,60.3639,272.14,54,63,0.81,UZ,1706982252
481,nyurba,63.2842,118.3319,250.94,90,100,2.63,RU,1706982252
482,grovetown,33.4504,-82.1982,287.89,46,0,4.12,US,1706982253
483,hopelchen,19.7667,-89.85,305.16,38,3,2.72,MX,1706982253
484,eraan,9.0629,117.7016,300.12,75,11,2.55,PH,1706982253
485,galliano,29.4422,-90.2992,289.15,90,100,7.94,US,1706982253
486,mendota,36.7536,-120.3816,283.86,64,93,2.03,US,1706982253
487,singaraja,-8.112,115.0882,300.63,77,100,3.56,ID,1706982253
488,el granada,37.5027,-122.4694,284.09,90,75,1.54,US,1706982253
489,campbell river,50.0163,-125.2446,278.96,93,40,3.09,CA,1706982253
490,fisterra,42.9049,-9.2629,286.91,79,22,2.09,ES,1706982253
491,qui nhon,13.7667,109.2333,294.9,91,54,2.03,VN,1706982122
492,kirillov,59.863,38.3813,262.58,92,100,3.4,RU,1706982254
493,dubbo,-32.25,148.6167,298.22,57,76,5.14,AU,1706981833
494,kayangel,8.0823,134.7173,300.76,77,7,10.83,PW,1706982254
495,kununurra,-15.7667,128.7333,301.14,94,20,4.12,AU,1706982254
496,ursulo galvan,22.7333,-98.3,306.21,27,0,12.08,MX,1706982254
497,lodwar,3.1191,35.5973,306.0,35,22,4.65,KE,1706982254
498,chulakkurgan,43.765,69.1814,268.95,67,100,3.27,KZ,1706982254
499,cururupu,-1.8283,-44.8683,305.01,49,67,3.32,BR,1706982255
500,arar,30.9753,41.0381,286.16,50,75,3.09,SA,1706982255
501,codrington,-38.2667,141.9667,287.16,92,14,1.97,AU,1706982255
502,port macquarie,-31.4333,152.9167,294.76,90,38,4.4,AU,1706982255
503,queenstown,-31.8976,26.8753,296.2,60,94,1.6,ZA,1706982255
504,mauganj,24.6833,81.8833,290.83,34,35,1.35,IN,1706982255
505,mahibadhoo,3.7833,72.9667,301.0,80,58,4.41,MV,1706982256
506,coaticook,45.1334,-71.7991,269.53,80,65,2.58,CA,1706982226
507,brookings,44.3114,-96.7984,274.15,100,100,6.69,US,1706982063
508,port blair,11.6667,92.75,298.17,88,9,0.0,IN,1706982076
509,chardara,41.2547,67.9692,276.91,47,100,3.76,KZ,1706982256
510,vanimo,-2.6741,141.3028,298.42,91,90,2.62,PG,1706982256
511,sihanoukville,10.6093,103.5296,298.12,94,20,1.54,KH,1706982256
512,lib,8.3122,167.3766,300.35,82,100,11.03,MH,1706982256
513,nosy varika,-20.5833,48.5333,297.39,83,83,1.98,MG,1706982256
514,san fernando de apure,7.8878,-67.4724,311.87,28,77,1.58,VE,1706982257
515,magalia,39.8121,-121.5783,279.88,77,72,1.79,US,1706982257
516,hobyo,5.3505,48.5268,299.27,82,31,6.68,SO,1706982029
517,quelimane,-17.8786,36.8883,297.18,89,42,1.8,MZ,1706982257
518,xai-xai,-25.0519,33.6442,296.4,79,14,2.27,MZ,1706982257
519,baruun-urt,46.6806,113.2792,248.82,93,7,4.21,MN,1706982257
520,port alberni,49.2413,-124.8028,279.06,94,31,0.89,CA,1706982257
521,labuan,5.2767,115.2417,299.35,94,20,0.0,MY,1706982258
522,los llanos de aridane,28.6585,-17.9182,293.22,66,20,1.03,ES,1706982258
523,bafq,31.6128,55.4107,280.53,27,0,2.54,IR,1706982258
524,auki,-8.7676,160.7034,299.33,90,100,2.53,SB,1706982258
525,road town,18.4167,-64.6167,301.17,61,20,2.57,VG,1706982033
526,jingmen,31.0336,112.2047,270.93,96,100,5.36,CN,1706982258
527,fort st. john,56.2499,-120.8529,263.09,79,20,2.57,CA,1706982037
528,pokrovsk,48.282,37.1758,273.47,97,100,9.21,UA,1706982258
529,chegdomyn,51.1167,133.0167,241.67,100,83,0.77,RU,1706982259
530,st. john's,47.5649,-52.7093,271.86,87,100,8.05,CA,1706982258
531,neka,36.6508,53.299,277.88,93,0,1.03,IR,1706982259
532,jianguang,28.1938,115.7836,276.77,91,100,3.2,CN,1706982259
533,hirara,24.8,125.2833,293.3,100,5,1.03,JP,1706982259
534,novo aripuana,-5.1206,-60.3797,304.38,66,80,1.49,BR,1706982259
535,q'vareli,41.9549,45.8172,276.37,72,45,1.69,GE,1706982259
536,bengkulu,-3.8004,102.2655,297.52,90,100,2.59,ID,1706982259
537,ad dabbah,18.05,30.95,290.99,19,48,5.17,SD,1706982011
538,kirakira,-10.4544,161.9205,300.14,82,98,4.24,SB,1706982260
539,ta`u,-14.2336,-169.5144,301.11,82,100,6.79,AS,1706982260
540,kabare,-2.4683,28.8242,291.34,91,64,0.65,CD,1706982260
541,chernomorskoye,45.5039,32.6997,279.38,76,100,11.07,UA,1706982260
542,selebi-phikwe,-21.979,27.8498,298.03,40,2,2.76,BW,1706982260
543,cabras,39.93,8.5314,283.83,87,0,0.91,IT,1706982260
544,gaspe,48.8334,-64.4819,266.27,58,20,4.12,CA,1706982260
545,robertsport,6.7533,-11.3686,301.52,78,34,6.15,LR,1706982261
546,saurimo,-9.6608,20.3916,293.59,86,97,1.52,AO,1706982261
547,jayapura,-2.5333,140.7,296.81,91,94,2.29,ID,1706982044
548,bataipora,-22.2953,-53.2711,307.11,34,41,3.08,BR,1706982261
549,chimoio,-19.1164,33.4833,291.93,91,17,1.01,MZ,1706982261
550,tsiombe,-25.3,45.4833,297.14,76,34,6.91,MG,1706982261
551,zakynthos,37.7914,20.8953,284.06,82,20,0.0,GR,1706982261
552,bhimunipatnam,17.8833,83.4333,296.88,83,17,0.58,IN,1706982261
553,tocopilla,-22.092,-70.1979,297.38,68,12,1.61,CL,1706982261
554,saudarkrokur,65.7461,-19.6394,266.97,74,37,6.97,IS,1706982262
555,bangassou,4.7413,22.8184,299.92,31,69,0.39,CF,1706982262
556,vrangel',42.7297,133.0839,262.22,65,0,4.24,RU,1706982262
557,geraldton,-28.7667,114.6,294.38,73,100,11.83,AU,1706982262
558,evanston,42.0411,-87.6901,280.05,75,20,4.63,US,1706982262
559,zadawa,11.4496,10.3672,297.61,16,1,4.68,NG,1706982262
560,sinhyeon,34.8825,128.6267,277.09,87,100,3.8,KR,1706982262
561,buchanan,5.8808,-10.0467,301.93,75,99,4.33,LR,1706982262
562,hadibu,12.65,54.0333,298.07,76,82,3.24,YE,1706982013
563,rahimah,26.7079,50.0619,287.27,49,9,7.21,SA,1706982263
564,pandan,14.0453,124.1694,298.62,80,18,5.06,PH,1706982031
565,quellon,-43.1167,-73.6167,288.54,53,50,3.42,CL,1706982263
566,imphal,24.8167,93.95,280.69,68,0,1.13,IN,1706982263
567,barra de santo antonio,-9.4047,-35.5072,305.75,66,65,4.6,BR,1706982070
568,quibor,9.9287,-69.6201,299.69,51,86,1.83,VE,1706982263
569,mellouleche,35.1662,11.035,286.95,69,1,3.74,TN,1706982263
570,monrovia,6.3005,-10.7969,301.74,75,98,5.04,LR,1706982183
